<UserSettings><ApplicationIdentity version="10.0"/><ToolsOptions><ToolsOptionsCategory name="Environment" RegisteredName="Environment"><ToolsOptionsSubCategory name="Documents" RegisteredName="Documents" PackageName="Visual Studio Environment Package"><PropertyValue name="ShowMiscFilesProject">true</PropertyValue><PropertyValue name="AutoloadExternalChanges">false</PropertyValue><PropertyValue name="CheckForConsistentLineEndings">true</PropertyValue><PropertyValue name="SaveDocsAsUnicodeWhenDataLoss">false</PropertyValue><PropertyValue name="InitializeOpenFileFromCurrentDocument">true</PropertyValue><PropertyValue name="ReuseSavedActiveDocWindow">false</PropertyValue><PropertyValue name="DetectFileChangesOutsideIDE">true</PropertyValue><PropertyValue name="DontShowGlobalUndoChangeLossDialog">true</PropertyValue><PropertyValue name="AllowEditingReadOnlyFiles">true</PropertyValue><PropertyValue name="DocumentDockPreference">0</PropertyValue><PropertyValue name="MiscFilesProjectSavesLastNItems">0</PropertyValue></ToolsOptionsSubCategory><ToolsOptionsSubCategory name="FindAndReplace" RegisteredName="FindAndReplace" PackageName="Visual Studio Environment Package"><PropertyValue name="ShowWarningMessages">true</PropertyValue><PropertyValue name="InitializeFromEditor">true</PropertyValue><PropertyValue name="ShowMessageBoxes">true</PropertyValue><PropertyValue name="HideWindowAfterMatchFromQuickFindReplace">false</PropertyValue></ToolsOptionsSubCategory><ToolsOptionsSubCategory name="General" RegisteredName="General" PackageName="Visual Studio Environment Package"><PropertyValue name="AnimationSpeed">5</PropertyValue><PropertyValue name="RichClientExperienceOptions">65535</PropertyValue><PropertyValue name="WindowMenuContainsNItems">10</PropertyValue><PropertyValue name="CloseButtonActiveTabOnly">true</PropertyValue><PropertyValue name="AutoAdjustExperience">true</PropertyValue><PropertyValue name="Animations">true</PropertyValue><PropertyValue name="AutohidePinActiveTabOnly">false</PropertyValue><PropertyValue name="ShowStatusBar">true</PropertyValue><PropertyValue name="MRUListContainsNItems">10</PropertyValue></ToolsOptionsSubCategory><ToolsOptionsSubCategory name="Import and Export Settings" RegisteredName="Import and Export Settings" PackageName="Visual Studio Environment Package"><PropertyValue name="TrackTeamSettings">false</PropertyValue><PropertyValue name="TeamSettingsFile"/><PropertyValue name="AutoSaveFile">%vsspv_settings_directory%\NewSettings.vssettings</PropertyValue></ToolsOptionsSubCategory><ToolsOptionsSubCategory name="ProjectsAndSolution" RegisteredName="ProjectsAndSolution" PackageName="Visual Studio Environment Package"><PropertyValue name="ProjectsLocation">%vsspv_visualstudio_dir%</PropertyValue><PropertyValue name="PromptForRenameSymbol">true</PropertyValue><PropertyValue name="TrackFileSelectionInExplorer">true</PropertyValue><PropertyValue name="ShowOutputWindowBeforeBuild">true</PropertyValue><PropertyValue name="OnRunWhenErrors">4</PropertyValue><PropertyValue name="OnRunWhenOutOfDate">4</PropertyValue><PropertyValue name="AlwaysShowSolutionNode">true</PropertyValue><PropertyValue name="ProjectItemTemplatesLocation">%vsspv_visualstudio_dir%\Templates\ItemTemplates</PropertyValue><PropertyValue name="OnlySaveStartupProjectsAndDependencies">false</PropertyValue><PropertyValue name="ShowAdvancedBuildConfigurations">true</PropertyValue><PropertyValue name="DefaultBehaviorForStartupProjects">1</PropertyValue><PropertyValue name="OnRunOrPreview">2</PropertyValue><PropertyValue name="MSBuildOutputVerbosity">1</PropertyValue><PropertyValue name="ProjectTemplatesLocation">%vsspv_visualstudio_dir%\Templates\ProjectTemplates</PropertyValue><PropertyValue name="ShowTaskListAfterBuild">true</PropertyValue><PropertyValue name="ConcurrentBuilds">8</PropertyValue><PropertyValue name="SaveNewProjects">true</PropertyValue></ToolsOptionsSubCategory><ToolsOptionsSubCategory name="TaskList" RegisteredName="TaskList" PackageName="Visual Studio Task List Package"><PropertyValue name="ConfirmTaskDeletion">true</PropertyValue><PropertyValue name="CommentTokens" ArrayType="VT_VARIANT" ArrayElementCount="4"><PropertyValue name="0">TODO:2</PropertyValue><PropertyValue name="1">HACK:2</PropertyValue><PropertyValue name="2">UNDONE:2</PropertyValue><PropertyValue name="3">UnresolvedMergeConflict:3</PropertyValue></PropertyValue><PropertyValue name="WarnOnAddingHiddenItem">false</PropertyValue><PropertyValue name="DontShowFilePaths">true</PropertyValue></ToolsOptionsSubCategory><ToolsOptionsSubCategory name="WebBrowser" RegisteredName="WebBrowser" PackageName="Visual Studio Web Browser Package"><PropertyValue name="HomePage">http://www.microsoft.com/sql</PropertyValue><PropertyValue name="ViewSourceIn">1</PropertyValue><PropertyValue name="ViewSourceExternalProgram">C:\Windows\system32\notepad.exe</PropertyValue><PropertyValue name="SearchPage">http://www.bing.com</PropertyValue></ToolsOptionsSubCategory></ToolsOptionsCategory><ToolsOptionsCategory name="TextEditor" RegisteredName="TextEditor"><ToolsOptionsSubCategory name="XAML" RegisteredName="XAML" PackageName="Text Management Package"/><ToolsOptionsSubCategory name="Basic" RegisteredName="Basic" PackageName="Text Management Package"/><ToolsOptionsSubCategory name="Basic-Specific" RegisteredName="Basic-Specific" PackageName="{019971D6-4685-11D2-B48A-0000F87572EB}"/><ToolsOptionsSubCategory name="XAML Specific" RegisteredName="XAML Specific" PackageName="{e58c2a8b-bcc4-4559-ad59-d62eb6d58a22}"/><ToolsOptionsSubCategory name="HTML" RegisteredName="HTML" PackageName="Text Management Package"/><ToolsOptionsSubCategory name="HTML Specific" RegisteredName="HTML Specific" PackageName="{1B437D20-F8FE-11D2-A6AE-00104BCC7269}"/><ToolsOptionsSubCategory name="JScript" RegisteredName="JScript" PackageName="Text Management Package"/><ToolsOptionsSubCategory name="JScript Specific" RegisteredName="JScript Specific" PackageName="{1B437D20-F8FE-11D2-A6AE-00104BCC7269}"/><ToolsOptionsSubCategory name="CSS" RegisteredName="CSS" PackageName="Text Management Package"/><ToolsOptionsSubCategory name="CSS Specific" RegisteredName="CSS Specific" PackageName="{A764E895-518D-11d2-9A89-00C04F79EFC3}"/><ToolsOptionsSubCategory name="PL/SQL" RegisteredName="PL/SQL" PackageName="Text Management Package"/><ToolsOptionsSubCategory name="AllLanguages" RegisteredName="AllLanguages" PackageName="Text Management Package"/><ToolsOptionsSubCategory name="General" RegisteredName="General" PackageName="Text Management Package"><PropertyValue name="DragNDropTextEditing">true</PropertyValue><PropertyValue name="VerticalScrollBar">true</PropertyValue><PropertyValue name="EditorEmulation">0</PropertyValue><PropertyValue name="DetectUTF8WithoutSignature">true</PropertyValue><PropertyValue name="TrackChanges">true</PropertyValue><PropertyValue name="UndoCaretActions">false</PropertyValue><PropertyValue name="SelectionMargin">true</PropertyValue><PropertyValue name="GoToAnchorAfterEscape">false</PropertyValue><PropertyValue name="HorizontalScrollBar">true</PropertyValue><PropertyValue name="AutoDelimiterHighlighting">true</PropertyValue><PropertyValue name="MarginIndicatorBar">true</PropertyValue></ToolsOptionsSubCategory><ToolsOptionsSubCategory name="PlainText" RegisteredName="PlainText" PackageName="Text Management Package"><PropertyValue name="TabSize">4</PropertyValue><PropertyValue name="AutoListMembers">true</PropertyValue><PropertyValue name="IndentStyle">1</PropertyValue><PropertyValue name="HideAdvancedMembers">true</PropertyValue><PropertyValue name="ShowNavigationBar">false</PropertyValue><PropertyValue name="VirtualSpace">false</PropertyValue><PropertyValue name="InsertTabs">true</PropertyValue><PropertyValue name="WordWrapGlyphs">true</PropertyValue><PropertyValue name="EnableLeftClickForURLs">true</PropertyValue><PropertyValue name="ShowLineNumbers">false</PropertyValue><PropertyValue name="WordWrap">false</PropertyValue><PropertyValue name="IndentSize">4</PropertyValue><PropertyValue name="CutCopyBlankLines">true</PropertyValue><PropertyValue name="AutoListParams">true</PropertyValue></ToolsOptionsSubCategory><ToolsOptionsSubCategory name="SQL" RegisteredName="SQL" PackageName="Text Management Package"><PropertyValue name="TabSize">4</PropertyValue><PropertyValue name="AutoListMembers">true</PropertyValue><PropertyValue name="IndentStyle">1</PropertyValue><PropertyValue name="HideAdvancedMembers">true</PropertyValue><PropertyValue name="ShowNavigationBar">false</PropertyValue><PropertyValue name="VirtualSpace">false</PropertyValue><PropertyValue name="InsertTabs">true</PropertyValue><PropertyValue name="WordWrapGlyphs">true</PropertyValue><PropertyValue name="EnableLeftClickForURLs">true</PropertyValue><PropertyValue name="ShowLineNumbers">false</PropertyValue><PropertyValue name="WordWrap">false</PropertyValue><PropertyValue name="IndentSize">4</PropertyValue><PropertyValue name="CutCopyBlankLines">true</PropertyValue><PropertyValue name="AutoListParams">true</PropertyValue></ToolsOptionsSubCategory><ToolsOptionsSubCategory name="XML" RegisteredName="XML" PackageName="Text Management Package"><PropertyValue name="TabSize">4</PropertyValue><PropertyValue name="AutoListMembers">true</PropertyValue><PropertyValue name="IndentStyle">2</PropertyValue><PropertyValue name="HideAdvancedMembers">true</PropertyValue><PropertyValue name="ShowNavigationBar">false</PropertyValue><PropertyValue name="VirtualSpace">false</PropertyValue><PropertyValue name="InsertTabs">true</PropertyValue><PropertyValue name="WordWrapGlyphs">true</PropertyValue><PropertyValue name="EnableLeftClickForURLs">true</PropertyValue><PropertyValue name="ShowLineNumbers">false</PropertyValue><PropertyValue name="WordWrap">false</PropertyValue><PropertyValue name="IndentSize">4</PropertyValue><PropertyValue name="CutCopyBlankLines">true</PropertyValue><PropertyValue name="AutoListParams">true</PropertyValue></ToolsOptionsSubCategory></ToolsOptionsCategory></ToolsOptions><Category name="Debugger" Category="{EEDBF29A-5C8B-4E01-827C-263382C18CFE}" Package="{C9DD4A57-47FB-11D2-83E7-00C04F9902C1}" RegisteredName="Debugger" PackageName="Visual Studio Debugger"><PropertyValue name="ConfirmDeleteAllBreakpoints">1</PropertyValue><PropertyValue name="StopAllProcesses">1</PropertyValue><PropertyValue name="StopOnExceptionCrossingManagedBoundary">0</PropertyValue><PropertyValue name="EnableAddressLevelDebugging">1</PropertyValue><PropertyValue name="ShowDisassemblyWhenNoSource">0</PropertyValue><PropertyValue name="EnableBreakpointConstraints">1</PropertyValue><PropertyValue name="UseExceptionHelper">1</PropertyValue><PropertyValue name="AutoUnwindOnException">1</PropertyValue><PropertyValue name="JustMyCode">1</PropertyValue><PropertyValue name="ShowNonPublicMembers">0</PropertyValue><PropertyValue name="WarnIfNoUserCodeOnLaunch">1</PropertyValue><PropertyValue name="FrameworkSourceStepping">0</PropertyValue><PropertyValue name="WarnAboutSymbolCacheDuringRemoteManagedDebugging">1</PropertyValue><PropertyValue name="EnableStepFiltering">1</PropertyValue><PropertyValue name="WarnOnStepFilter">1</PropertyValue><PropertyValue name="AllowImplicitFuncEval">1</PropertyValue><PropertyValue name="AllowToString">1</PropertyValue><PropertyValue name="UseSourceServer">0</PropertyValue><PropertyValue name="ShowSourceServerDiagnostics">0</PropertyValue><PropertyValue name="AlwaysColorMarkerText">0</PropertyValue><PropertyValue name="UseDocumentChecksum">1</PropertyValue><PropertyValue name="OutputToImmediate">0</PropertyValue><PropertyValue name="ShowRawStructures">0</PropertyValue><PropertyValue name="DisableJITOptimization">1</PropertyValue><PropertyValue name="ShowNoSymbolsDialog">1</PropertyValue><PropertyValue name="ShowScriptDebuggingDisabledDialog">1</PropertyValue><PropertyValue name="EnableILInterpreterMinidump">1</PropertyValue><PropertyValue name="EnableILInterpreterLive">0</PropertyValue><PropertyValue name="HexDisplay">0</PropertyValue><PropertyValue name="HexInput">0</PropertyValue><PropertyValue name="MapClientBreakpoints">1</PropertyValue><PropertyValue name="AddUnmappedBreakpointAtMappedLocation">0</PropertyValue><PropertyValue name="StepIntoOnRestart">0</PropertyValue><PropertyValue name="ENCEnable">1</PropertyValue><PropertyValue name="ENCApplyChangesOnContinue">1</PropertyValue><PropertyValue name="ENCWelcome">0</PropertyValue><PropertyValue name="ENCStaleCodeWarning">1</PropertyValue><PropertyValue name="ENCPrecompile">1</PropertyValue><PropertyValue name="ENCRelink">1</PropertyValue><PropertyValue name="NOENCAllowEdits">1</PropertyValue><PropertyValue name="NOENCIgnore">0</PropertyValue><PropertyValue name="NOENCRebuild">0</PropertyValue><PropertyValue name="ENCEnableWhenRemoteDebugging">0</PropertyValue><PropertyValue name="ConfirmFoundFiles">0</PropertyValue><PropertyValue name="DisasmLineNumbers">0</PropertyValue><PropertyValue name="ModulesShowAll">0</PropertyValue><PropertyValue name="UseCodeSense">1</PropertyValue><PropertyValue name="DisasmFields">67577</PropertyValue><PropertyValue name="CallStackViewOptions">3604736</PropertyValue><PropertyValue name="ShowExternalCode">0</PropertyValue><PropertyValue name="SourceStepUnit">0</PropertyValue><PropertyValue name="DisasmStepUnit">2</PropertyValue><PropertyValue name="CrossThreadCallStack">1</PropertyValue><PropertyValue name="ShowOnlyFlaggedThreads">1</PropertyValue><PropertyValue name="ConcurrencySupport">1</PropertyValue><PropertyValue name="GuessAtThreadNames">1</PropertyValue><PropertyValue name="ShowOtherThreadIpMarkers">0</PropertyValue><PropertyValue name="ShowThreadCategory">1</PropertyValue><PropertyValue name="SaveRemoteDumps">1</PropertyValue><PropertyValue name="LongEvalTimeout">10000</PropertyValue><PropertyValue name="NormalEvalTimeout">5000</PropertyValue><PropertyValue name="QuickwatchTimeout">15000</PropertyValue><PropertyValue name="DataTipTimeout">1500</PropertyValue><PropertyValue name="AutosReturnValsTimeout">1000</PropertyValue><PropertyValue name="AutosRegistersTimeout">1000</PropertyValue><PropertyValue name="LocalsTimeout">1000</PropertyValue><PropertyValue name="RegistersTimeout">2000</PropertyValue><PropertyValue name="AddressExpressionTimeout">2000</PropertyValue><PropertyValue name="ScriptDocsTimeout">5000</PropertyValue><PropertyValue name="ImmediateWindowTimeout">10000</PropertyValue><PropertyValue name="SetValueTimeout">10000</PropertyValue><PropertyValue name="TreeGridRePaintTimer">250</PropertyValue><PropertyValue name="TreeGridBusyPaintTimer">1000</PropertyValue><PropertyValue name="ModulesWindowUpdateTimer">500</PropertyValue><PropertyValue name="TreeGridDelayOnEnterTimer">125</PropertyValue><PropertyValue name="DelayTreeGridPaintOnBreak">1</PropertyValue><PropertyValue name="ShowNonprintableCharsAsGlyphs">0</PropertyValue><PropertyValue name="ShowSystemProcesses">0</PropertyValue><PropertyValue name="ShowProcessesFromAllSessions">0</PropertyValue><PropertyValue name="EnhancedDataTips">1</PropertyValue><PropertyValue name="DataTipDismissalSensitivity">1</PropertyValue><PropertyValue name="DataTipKeyboardDismissal">0</PropertyValue><PropertyValue name="UserSpecifiedEngines">0</PropertyValue><PropertyValue name="OutputOnException">1</PropertyValue><PropertyValue name="OutputOnStepFilter">1</PropertyValue><PropertyValue name="OutputOnModuleLoad">1</PropertyValue><PropertyValue name="OutputOnModuleUnload">1</PropertyValue><PropertyValue name="OutputOnModuleSymbolSearch">1</PropertyValue><PropertyValue name="OutputOnProcessDestroy">1</PropertyValue><PropertyValue name="OutputOnThreadDestroy">1</PropertyValue><PropertyValue name="OutputOnOutputDebugString">1</PropertyValue><PropertyValue name="OutputOnDebuggerMessage">1</PropertyValue><PropertyValue name="VariableWindowIcons">1</PropertyValue><PropertyValue name="DisableAttachSecurityWarning">0</PropertyValue><PropertyValue name="LoadDllExports">0</PropertyValue><PropertyValue name="NativeRPC">0</PropertyValue><PropertyValue name="AllowSideEffectEval">0</PropertyValue><PropertyValue name="LoadSymbolsWhenSettingsChanged">1</PropertyValue><PropertyValue name="SymbolUseExcludeList">1</PropertyValue><PropertyValue name="SymbolsAlwaysLoadAdjacent">1</PropertyValue><PropertyValue name="DontForceCacheOnManualLoad">0</PropertyValue><PropertyValue name="SymbolUseMSSymbolServers">0</PropertyValue><PropertyValue name="AutoLoadFromSymbolPath">1</PropertyValue><PropertyValue name="OneClickEdit">0</PropertyValue><PropertyValue name="OfferArrayExpansion">0</PropertyValue><PropertyValue name="VariableWindowPromptOnLargeExpansion">1</PropertyValue><PropertyValue name="VariableWindowMaxSupportedChildren">1000000</PropertyValue><PropertyValue name="PromptToAddSourceToIgnoreList">0</PropertyValue><PropertyValue name="OwnerDrawDebugLocationToolbar">0</PropertyValue><PropertyValue name="EnableSelectedBreakpointHighlight">1</PropertyValue><PropertyValue name="DisableUniscribe">0</PropertyValue><PropertyValue name="ShowParallelStacksBottomUp">1</PropertyValue><PropertyValue name="ThreadsWindowGroupingColumn">2048</PropertyValue><PropertyValue name="ThreadsWindowVisibleColumns">509</PropertyValue><PropertyValue name="ThreadsWindowShowTipWhenCallStackExpanded">0</PropertyValue><PropertyValue name="AllowDesignModePinning">0</PropertyValue><PropertyValue name="CallStackParamToString">0</PropertyValue><PropertyValue name="CheckRDTForFilesFirst">1</PropertyValue><PropertyValue name="SourceServerExtractToDirectory"/><PropertyValue name="FrameworkSourceServerName">http://referencesource.microsoft.com/symbols</PropertyValue><PropertyValue name="PublicSymbolServerName"/><PropertyValue name="PublicSymbolServerName2">http://msdl.microsoft.com/download/symbols</PropertyValue><PropertyValue name="DefaultTracepointMessage">Function: $FUNCTION, Thread: $TID $TNAME</PropertyValue><PropertyValue name="ProgramToDebugPath"/><PropertyValue name="AttachToProcessDefaultEngineList"/><PropertyValue name="SecureSourceLocalDirectory"/><PropertyValue name="SymbolPath"/><PropertyValue name="SymbolPathState"/><PropertyValue name="SymbolCacheDir"/><PropertyValue name="SymbolIncludeList"/><PropertyValue name="SymbolIncludeListState"/><PropertyValue name="SymbolExcludeList"/><PropertyValue name="SymbolExcludeListState"/></Category><Category name="Environment_Group" RegisteredName="Environment_Group"><Category name="Environment_CallBrowser" Category="{50B05A5D-9174-48eb-851A-B1C616A0B43D}" Package="{DA9FB551-C724-11d0-AE1F-00A0C90FFFC3}" RegisteredName="Environment_CallBrowser" PackageName="Visual Studio Environment Package"><PropertyValue name="CallBrowserSortAlphabetically">true</PropertyValue><PropertyValue name="CallBrowserSortByAccess">false</PropertyValue><PropertyValue name="CallBrowserShowFullyQualifiedNames">true</PropertyValue></Category><Category name="Environment_ClassView" Category="{40AF29AB-4C5B-412A-9CE8-465C4FCFE41D}" Package="{DA9FB551-C724-11d0-AE1F-00A0C90FFFC3}" RegisteredName="Environment_ClassView" PackageName="Visual Studio Environment Package"><PropertyValue name="ClassViewShowProjectReferences">true</PropertyValue><PropertyValue name="ClassViewShowHiddenTypesAndMembers">true</PropertyValue><PropertyValue name="ClassViewTypesSortAlphabetically">true</PropertyValue><PropertyValue name="ClassViewTypesSortByType">false</PropertyValue><PropertyValue name="ClassViewTypesSortByAccess">false</PropertyValue><PropertyValue name="ClassViewTypesGroupByType">false</PropertyValue><PropertyValue name="ClassViewSearchResultsSortByBestMatch">true</PropertyValue><PropertyValue name="ClassViewSearchResultsSortAlphabetically">false</PropertyValue><PropertyValue name="ClassViewSearchResultsSortByType">false</PropertyValue><PropertyValue name="ClassViewSearchResultsSortByAccess">false</PropertyValue><PropertyValue name="ClassViewSearchResultsGroupByType">false</PropertyValue><PropertyValue name="ClassViewMembersViewPublic">true</PropertyValue><PropertyValue name="ClassViewMembersViewProtected">true</PropertyValue><PropertyValue name="ClassViewMembersViewPrivate">true</PropertyValue><PropertyValue name="ClassViewMembersViewOther">true</PropertyValue><PropertyValue name="ClassViewMembersShowInherited">false</PropertyValue><PropertyValue name="ClassViewShowExtensionMembers">false</PropertyValue><PropertyValue name="ClassViewShowBaseTypes">true</PropertyValue><PropertyValue name="ClassViewShowDerivedTypes">true</PropertyValue><PropertyValue name="ClassViewMembersSortAlphabetically">false</PropertyValue><PropertyValue name="ClassViewMembersSortByType">true</PropertyValue><PropertyValue name="ClassViewMembersSortByAccess">false</PropertyValue></Category><Category name="Environment_Expansions" Category="{0B9A10B2-C0D0-4a6a-8353-115E9CACF34A}" Package="{F5E7E720-1401-11d1-883B-0000F87579D2}" RegisteredName="Environment_Expansions" PackageName="Text Management Package"><Expansions Default="true" Version="1.0"/></Category><Category name="Environment_Aliases" Category="{AD334E74-368A-4c46-9AF8-F53ABF0775F2}" Package="{DA9FB551-C724-11d0-AE1F-00A0C90FFFC3}" RegisteredName="Environment_Aliases" PackageName="Visual Studio Environment Package"><Aliases Version="1.0"><Alias Name="immed" Definition="Tools.ImmediateMode"/><Alias Name="props" Definition="View.PropertiesWindow"/><Alias Name="memory1" Definition="Debug.Memory1"/><Alias Name="memory2" Definition="Debug.Memory2"/><Alias Name="memory3" Definition="Debug.Memory3"/><Alias Name="Lcase" Definition="Edit.MakeLowercase"/><Alias Name="memory4" Definition="Debug.Memory4"/><Alias Name="locals" Definition="Debug.Locals"/><Alias Name="kb" Definition="Debug.ListCallStack"/><Alias Name="da" Definition="Debug.ListMemory /Ansi"/><Alias Name="db" Definition="Debug.ListMemory /Format:OneByte"/><Alias Name="DelEOL" Definition="Edit.DeleteToEOL"/><Alias Name="dc" Definition="Debug.ListMemory /Format:FourBytes /Ansi"/><Alias Name="dd" Definition="Debug.ListMemory /Format:FourBytes"/><Alias Name="df" Definition="Debug.ListMemory /Format:Float"/><Alias Name="WordWrap" Definition="Edit.ToggleWordWrap"/><Alias Name="AddProj" Definition="File.AddNewProject"/><Alias Name="dq" Definition="Debug.ListMemory /Format:EightBytes"/><Alias Name="du" Definition="Debug.ListMemory /Unicode"/><Alias Name="designer" Definition="View.ViewDesigner"/><Alias Name="ListMembers" Definition="Edit.ListMembers"/><Alias Name="code" Definition="View.ViewCode"/><Alias Name="ParamInfo" Definition="Edit.ParameterInfo"/><Alias Name="DelHSp" Definition="Edit.DeleteHorizontalWhiteSpace"/><Alias Name="TileH" Definition="Window.TileHorizontally"/><Alias Name="save" Definition="File.SaveSelectedItems"/><Alias Name="?" Definition="Debug.Print"/><Alias Name="callstack" Definition="Debug.CallStack"/><Alias Name="open" Definition="File.OpenFile"/><Alias Name="TileV" Definition="Window.TileVertically"/><Alias Name="OutlineDefs" Definition="Edit.CollapsetoDefinitions"/><Alias Name="CloseAll" Definition="Window.CloseAllDocuments"/><Alias Name="ToggleBook" Definition="Edit.ToggleBookmark"/><Alias Name="InsertFile" Definition="Edit.InsertFileAsText"/><Alias Name="autos" Definition="Debug.Autos"/><Alias Name="SaveAll" Definition="File.SaveAll"/><Alias Name="new" Definition="File.NewFile"/><Alias Name="d" Definition="Debug.ListMemory"/><Alias Name="rtc" Definition="Debug.RunToCursor"/><Alias Name="navigate" Definition="View.WebBrowser"/><Alias Name="g" Definition="Debug.Start"/><Alias Name="k" Definition="Debug.ListCallStack"/><Alias Name="format" Definition="Edit.FormatSelection"/><Alias Name="n" Definition="Debug.SetRadix"/><Alias Name="p" Definition="Debug.StepOver"/><Alias Name="q" Definition="Debug.StopDebugging"/><Alias Name="r" Definition="Debug.ListRegisters"/><Alias Name="t" Definition="Debug.StepInto"/><Alias Name="~*kb" Definition="Debug.ListCallStack /AllThreads"/><Alias Name="u" Definition="Debug.ListDisassembly"/><Alias Name="nf" Definition="File.NewFile"/><Alias Name="LineCut" Definition="Edit.LineCut"/><Alias Name="memory" Definition="memory1"/><Alias Name="|" Definition="Debug.ListProcesses"/><Alias Name="~" Definition="Debug.ListThreads"/><Alias Name="np" Definition="File.NewProject"/><Alias Name="DelBOL" Definition="Edit.DeleteToBOL"/><Alias Name="~*k" Definition="Debug.ListCallStack /AllThreads"/><Alias Name="NextBook" Definition="Edit.NextBookmark"/><Alias Name="TaskList" Definition="View.TaskList"/><Alias Name="Ucase" Definition="Edit.MakeUppercase"/><Alias Name="NewProj" Definition="File.NewProject"/><Alias Name="Untabify" Definition="Edit.UntabifySelectedLines"/><Alias Name="GotoBrace" Definition="Edit.GotoBrace"/><Alias Name="cls" Definition="Edit.ClearAll"/><Alias Name="shell" Definition="Tools.Shell"/><Alias Name="of" Definition="File.OpenFile"/><Alias Name="log" Definition="Tools.LogCommandWindowOutput"/><Alias Name="print" Definition="File.Print"/><Alias Name="op" Definition="File.OpenProject"/><Alias Name="eval" Definition="Debug.EvaluateStatement"/><Alias Name="alias" Definition="Tools.Alias"/><Alias Name="watch" Definition="Debug.Watch"/><Alias Name="cmd" Definition="View.CommandWindow"/><Alias Name="help" Definition="Help.F1Help"/><Alias Name="GotoLn" Definition="Edit.GoTo"/><Alias Name="disasm" Definition="Debug.Disassembly"/><Alias Name="redo" Definition="Edit.Redo"/><Alias Name="undo" Definition="Edit.Undo"/><Alias Name="tabify" Definition="Edit.TabifySelectedLines"/><Alias Name="LineDel" Definition="Edit.LineDelete"/><Alias Name="StopOutlining" Definition="Edit.CollapsetoDefinitions"/><Alias Name="pr" Definition="Debug.StepOut"/><Alias Name="SaveAs" Definition="File.SaveSelectedItemsAs"/><Alias Name="FullScreen" Definition="View.FullScreen"/><Alias Name="nav" Definition="navigate"/><Alias Name="SwapAnchor" Definition="Edit.SwapAnchor"/><Alias Name="exit" Definition="File.Exit"/><Alias Name="threads" Definition="Debug.Threads"/><Alias Name="PrevBook" Definition="Edit.PreviousBookmark"/><Alias Name="close" Definition="File.Close"/><Alias Name="toolbox" Definition="View.Toolbox"/><Alias Name="bl" Definition="Debug.Breakpoints"/><Alias Name="bp" Definition="Debug.ToggleBreakpoint"/><Alias Name="??" Definition="Debug.QuickWatch"/><Alias Name="StopFind" Definition="Edit.FindInFiles /stop"/><Alias Name="ClearBook" Definition="Edit.ClearBookmarks"/></Aliases></Category><Category name="Environment_ErrorList" Category="{68897077-DF64-4628-9BD4-025923684F2F}" Package="{4A9B7E50-AA16-11d0-A8C5-00A0C921A4D2}" RegisteredName="Environment_ErrorList" PackageName="Visual Studio Task List Package"><PropertyValue name="Version">1</PropertyValue><PropertyValue name="ErrorListShowsErrors">true</PropertyValue><PropertyValue name="ErrorListShowsWarnings">true</PropertyValue><PropertyValue name="ErrorListShowsMessages">true</PropertyValue><PropertyValue name="ActiveProvider">{7E5BB8D2-57E5-4FA9-9542-3870395C16A1}</PropertyValue><TaskProviders><Provider GUID="{7E5BB8D2-57E5-4FA9-9542-3870395C16A1}"><Columns><Column Name="Priority" Width="20" Visibility="Invisible" SortPriority="-1" SortDirection="Up"/><Column Name="Bitmap" Width="17" Visibility="Visible" SortPriority="-1" SortDirection="Up"/><Column Name="ProviderKnowsOrder" Width="17" Visibility="Visible" SortPriority="0" SortDirection="Up"/><Column Name="Checked" Width="28" Visibility="Invisible" SortPriority="-1" SortDirection="Up"/><Column Name="Description" Width="854" Visibility="Visible" SortPriority="-1" SortDirection="Up"/><Column Name="File" Width="120" Visibility="Visible" SortPriority="-1" SortDirection="Up"/><Column Name="Line" Width="70" Visibility="Visible" SortPriority="-1" SortDirection="Up"/><Column Name="Column" Width="70" Visibility="Visible" SortPriority="-1" SortDirection="Up"/><Column Name="Project" Width="120" Visibility="Visible" SortPriority="-1" SortDirection="Up"/><Column Name="Category" Width="0" Visibility="Invisible" SortPriority="-1" SortDirection="Up"/><Column Name="Subcategory" Width="0" Visibility="Invisible" SortPriority="-1" SortDirection="Up"/></Columns></Provider></TaskProviders></Category><Category name="Environment_ExtensionManager" Category="{539391d7-9414-4715-b033-8669db0abee1}" Package="{e7576c05-1874-450c-9e98-cf3a0897a069}" RegisteredName="Environment_ExtensionManager" PackageName="Microsoft.VisualStudio.ExtensionManager.VSPackage.ExtensionManagerPackage, Microsoft.VisualStudio.ExtensionManager.Implementation, Version=10.0.0.0, Culture=neutral, PublicKeyToken=b03f5f7f11d50a3a"><PropertyValue name="AutomaticallyCheckForUpdates">False</PropertyValue><PropertyValue name="EnableAdminExtensions">True</PropertyValue><PropertyValue name="EnableOnline">True</PropertyValue></Category><Category name="Environment_ExternalTools" Category="{E8FAE9E8-FBA2-4474-B134-AB0FFCFB291D}" Package="{DA9FB551-C724-11d0-AE1F-00A0C90FFFC3}" RegisteredName="Environment_ExternalTools" PackageName="Visual Studio Environment Package"><PropertyValue name="ToolNames"/></Category><Category name="Environment_DefaultEditors" Category="{68161AEE-BCA8-4214-B2E4-7875263E49C5}" Package="{DA9FB551-C724-11d0-AE1F-00A0C90FFFC3}" RegisteredName="Environment_DefaultEditors" PackageName="Visual Studio Environment Package"><PropertyValue name="NumberOfMappings">0</PropertyValue><PropertyValue name="NumberOfDefaultEditors">0</PropertyValue></Category><Category name="Environment_UnifiedFind" Category="{DF00ADDF-C14C-4ffd-9325-634FD605850B}" Package="{DA9FB551-C724-11d0-AE1F-00A0C90FFFC3}" RegisteredName="Environment_UnifiedFind" PackageName="Visual Studio Environment Package"><PropertyValue name="Options">MatchCase=0 WholeWord=0 Hidden=0 Up=0 Selection=0 Block=0 KeepCase=0 SubFolders=1 KeepOpen=0 NameOnly=0 Plain Document Find</PropertyValue><PropertyValue name="Document Options">MatchCase=0 WholeWord=0 Hidden=0 Up=0 Selection=0 Block=0 KeepCase=0 SubFolders=1 KeepOpen=0 NameOnly=0 Plain Document Find</PropertyValue><PropertyValue name="FiF Options">MatchCase=0 WholeWord=0 Hidden=0 Up=0 Selection=0 Block=0 KeepCase=0 SubFolders=1 KeepOpen=0 NameOnly=0 Plain Files Find</PropertyValue><PropertyValue name="Result list">1</PropertyValue><PropertyValue name="ShowEndOfSearch">1</PropertyValue><PropertyValue name="ShowNoFound">1</PropertyValue><PropertyValue name="ShowAllReplacementsNotAllowed">1</PropertyValue><PropertyValue name="ShowSomeReplacementsNotAllowed">1</PropertyValue><PropertyValue name="ShowNoMore">1</PropertyValue><PropertyValue name="ShowFindStart">1</PropertyValue><PropertyValue name="ShowCancel">1</PropertyValue><PropertyValue name="ShowCancelBeforeReplacementsMade">1</PropertyValue><PropertyValue name="ShowReplaceInFilesWarning">1</PropertyValue><PropertyValue name="ShowCancelEntireReplaceAfterCancellingSCC">1</PropertyValue><PropertyValue name="FindTextFromEditor">1</PropertyValue><PropertyValue name="HideFindAfterMatchFound">0</PropertyValue><PropertyValue name="HitReplaced">1</PropertyValue><PropertyValue name="Syntax">Regex</PropertyValue><PropertyValue name="Quick Pane Display Options">0</PropertyValue><PropertyValue name="NumberOfScopes">0</PropertyValue></Category><Category name="Environment_FindSymbol" Category="{C93260BC-0C07-484a-8188-6F4763BD7FD4}" Package="{DA9FB551-C724-11d0-AE1F-00A0C90FFFC3}" RegisteredName="Environment_FindSymbol" PackageName="Visual Studio Environment Package"><PropertyValue name="FindOptionsIsExpanded">false</PropertyValue><PropertyValue name="LookinReferencesIsChecked">true</PropertyValue><PropertyValue name="MatchCaseIsChecked">false</PropertyValue><PropertyValue name="Type">2</PropertyValue><PropertyValue name="SelectedScope">{B1BA9461-FC54-45B3-A484-CB6DD0B95C94}</PropertyValue><PropertyValue name="SelectedScopeSubScope">0</PropertyValue></Category><Category name="Environment_FontsAndColors" Category="{1EDA5DD4-927A-43a7-810E-7FD247D0DA1D}" Package="{DA9FB551-C724-11d0-AE1F-00A0C90FFFC3}" RegisteredName="Environment_FontsAndColors" PackageName="Visual Studio Environment Package"><PropertyValue name="Version">2</PropertyValue><FontsAndColors Version="2.0"><Categories><Category GUID="{A27B4E24-A735-4D1D-B8E7-9716E1E3D8E0}" FontIsDefault="Yes"><Items><Item Name="SQL System Table" Foreground="0x00008000" Background="0x02000000" BoldFont="No"/></Items></Category></Categories></FontsAndColors></Category><Category name="Environment_CommandBars" Category="{B9D9C123-B500-4202-B887-57C829CBD08F}" Package="{DA9FB551-C724-11d0-AE1F-00A0C90FFFC3}" RegisteredName="Environment_CommandBars" PackageName="Visual Studio Environment Package">
			<CommandBars Version="05072811">
				<DefaultCustomizations/>
				<UserCustomizations>
					<remove Cmd="{5EFC7975-14BC-11CF-9B2B-00AA00573819}:00000109" CmdPri="01000000" Group="{D309F791-903F-11D0-9EFC-00A0C911004F}:00000160" GroupPri="01000000" Menu="{D309F791-903F-11D0-9EFC-00A0C911004F}:00000086"/>
				</UserCustomizations>
			</CommandBars>
			<PropertyValue name="ShowLargeButtons">false</PropertyValue>
			<PropertyValue name="ShowScreenTips">true</PropertyValue>
			<PropertyValue name="ShowScreenTipShortcutKeys">false</PropertyValue>
		</Category><Category name="Environment_NewProjectDialogPreferredLanguage" Category="{77E22C0C-9F4A-4bfb-AD3A-3F3F4711E9ED}" Package="{DA9FB551-C724-11d0-AE1F-00A0C90FFFC3}" RegisteredName="Environment_NewProjectDialogPreferredLanguage" PackageName="Visual Studio Environment Package"><PropertyValue name="HasNewProjectDialogPreferredLanguage">false</PropertyValue><PropertyValue name="DefaultToLargeIconView">false</PropertyValue></Category><Category name="Environment_ObjectBrowser" Category="{D98D784D-88BF-4EBF-B039-C146EC14F472}" Package="{DA9FB551-C724-11d0-AE1F-00A0C90FFFC3}" RegisteredName="Environment_ObjectBrowser" PackageName="Visual Studio Environment Package"><PropertyValue name="ObjectBrowserViewNamespaces">false</PropertyValue><PropertyValue name="ObjectBrowserShowHiddenTypesAndMembers">false</PropertyValue><PropertyValue name="ObjectBrowserTypesSortAlphabetically">true</PropertyValue><PropertyValue name="ObjectBrowserTypesSortByType">false</PropertyValue><PropertyValue name="ObjectBrowserTypesSortByAccess">false</PropertyValue><PropertyValue name="ObjectBrowserTypesGroupByType">false</PropertyValue><PropertyValue name="ObjectBrowserSearchResultsSortByBestMatch">true</PropertyValue><PropertyValue name="ObjectBrowserSearchResultsSortAlphabetically">false</PropertyValue><PropertyValue name="ObjectBrowserSearchResultsSortByType">false</PropertyValue><PropertyValue name="ObjectBrowserSearchResultsSortByAccess">false</PropertyValue><PropertyValue name="ObjectBrowserSearchResultsGroupByType">false</PropertyValue><PropertyValue name="ObjectBrowserMembersViewPublic">true</PropertyValue><PropertyValue name="ObjectBrowserMembersViewProtected">true</PropertyValue><PropertyValue name="ObjectBrowserMembersViewPrivate">true</PropertyValue><PropertyValue name="ObjectBrowserMembersViewOther">true</PropertyValue><PropertyValue name="ObjectBrowserMembersShowInherited">false</PropertyValue><PropertyValue name="ObjectBrowserShowExtensionMembers">false</PropertyValue><PropertyValue name="ObjectBrowserShowBaseTypes">true</PropertyValue><PropertyValue name="ObjectBrowserShowDerivedTypes">true</PropertyValue><PropertyValue name="ObjectBrowserMembersSortAlphabetically">false</PropertyValue><PropertyValue name="ObjectBrowserMembersSortByType">true</PropertyValue><PropertyValue name="ObjectBrowserMembersSortByAccess">false</PropertyValue><PropertyValue name="ObjectBrowserScope">{B1BA9461-FC54-45B3-A484-CB6DD0B95C94}</PropertyValue><PropertyValue name="ObjectBrowserScopeSubScope">0</PropertyValue></Category><Category name="Environment_OutputWindow" Category="{07C6CD04-100B-4f3e-BA93-DD1363E8D8E3}" Package="{DA9FB551-C724-11d0-AE1F-00A0C90FFFC3}" RegisteredName="Environment_OutputWindow" PackageName="Visual Studio Environment Package"><PropertyValue name="OutputWindowWordWrap">false</PropertyValue></Category><Category name="Environment_PropertiesWindow" Category="{731a3cc7-de5e-49ca-9115-9a03e46624b0}" Package="{7494682b-37a0-11d2-a273-00c04f8ef4ff}" RegisteredName="Environment_PropertiesWindow" PackageName="Windows Forms Designer Package"><PropertyValue name="PbrsAlpha">0</PropertyValue><PropertyValue name="PbrsShowDesc">1</PropertyValue></Category><Category name="Environment_SimplifiedToolsOptions" Category="{13BEDEE6-9051-4809-B9E3-2EEC749EB15A}" Package="{DA9FB551-C724-11d0-AE1F-00A0C90FFFC3}" RegisteredName="Environment_SimplifiedToolsOptions" PackageName="Visual Studio Environment Package"><PropertyValue name="SupportsSimpleToolsOptions">false</PropertyValue><PropertyValue name="ShowingAllPages">false</PropertyValue><PropertyValue name="ShowFlatList">false</PropertyValue></Category><Category name="Environment_StartPage" Category="{255FE6D3-A0AE-4076-A509-D581B2BE4F9E}" Package="{DA9FB551-C724-11d0-AE1F-00A0C90FFFC3}" RegisteredName="Environment_StartPage" PackageName="Visual Studio Environment Package"/><Category name="Environment_TaskList" Category="{8EA81A4E-FDB5-4ee8-BD1A-22ECBF73B7CD}" Package="{4A9B7E50-AA16-11d0-A8C5-00A0C921A4D2}" RegisteredName="Environment_TaskList" PackageName="Visual Studio Task List Package"><PropertyValue name="Version">1</PropertyValue><PropertyValue name="ActiveProvider">{00000000-0000-0000-0000-000000000000}</PropertyValue><TaskProviders><Provider GUID="{1593EE17-2E95-41F0-8DC6-A0BFE991388F}"><Columns><Column Name="Priority" Width="20" Visibility="Visible" SortPriority="0" SortDirection="Up"/><Column Name="Checked" Width="28" Visibility="Visible" SortPriority="-1" SortDirection="Up"/><Column Name="Description" Width="19" Visibility="Visible" SortPriority="1" SortDirection="Up"/></Columns></Provider><Provider GUID="{18267819-C975-4292-8741-255590F76EB5}"><Columns><Column Name="Priority" Width="20" Visibility="Visible" SortPriority="0" SortDirection="Up"/><Column Name="Bitmap" Width="17" Visibility="Visible" SortPriority="-1" SortDirection="Up"/><Column Name="ProviderKnowsOrder" Width="17" Visibility="Invisible" SortPriority="2" SortDirection="Up"/><Column Name="Checked" Width="28" Visibility="Visible" SortPriority="-1" SortDirection="Up"/><Column Name="Description" Width="250" Visibility="Visible" SortPriority="7" SortDirection="Up"/><Column Name="File" Width="120" Visibility="Visible" SortPriority="4" SortDirection="Up"/><Column Name="Line" Width="70" Visibility="Visible" SortPriority="5" SortDirection="Up"/><Column Name="Column" Width="70" Visibility="Invisible" SortPriority="6" SortDirection="Up"/><Column Name="Category" Width="0" Visibility="Invisible" SortPriority="1" SortDirection="Up"/><Column Name="Subcategory" Width="0" Visibility="Invisible" SortPriority="3" SortDirection="Up"/></Columns></Provider><Provider GUID="{5A2D2729-ADFF-4A2E-A44F-55EBBF5DF64B}"><Columns><Column Name="Priority" Width="20" Visibility="Visible" SortPriority="0" SortDirection="Up"/><Column Name="ProviderKnowsOrder" Width="17" Visibility="Invisible" SortPriority="2" SortDirection="Up"/><Column Name="Description" Width="19" Visibility="Visible" SortPriority="7" SortDirection="Up"/><Column Name="File" Width="120" Visibility="Visible" SortPriority="4" SortDirection="Up"/><Column Name="Line" Width="70" Visibility="Visible" SortPriority="5" SortDirection="Up"/><Column Name="Column" Width="70" Visibility="Invisible" SortPriority="6" SortDirection="Up"/><Column Name="Category" Width="0" Visibility="Invisible" SortPriority="1" SortDirection="Up"/><Column Name="Subcategory" Width="0" Visibility="Invisible" SortPriority="3" SortDirection="Up"/></Columns></Provider></TaskProviders></Category><Category name="Environment_Toolbox" Category="{481999F2-7479-4e03-83D5-BE808BA142DF}" Package="{DA9FB551-C724-11d0-AE1F-00A0C90FFFC3}" RegisteredName="Environment_Toolbox" PackageName="Visual Studio Environment Package"><PropertyValue name="ShowAllTabs">false</PropertyValue><PropertyValue name="Version">1</PropertyValue><PropertyValue name="DeletedTabCount">0</PropertyValue><PropertyValue name="Tab0.ID">{7b5d447b-0b12-41ea-a84e-c822034422d4}-#1106</PropertyValue><PropertyValue name="Tab0.Name">All Windows Forms</PropertyValue><PropertyValue name="Tab0.View">0</PropertyValue><PropertyValue name="Tab0.UseDefaultName">true</PropertyValue><PropertyValue name="Tab0.RecordType">4</PropertyValue><PropertyValue name="Tab0.Position">2</PropertyValue><PropertyValue name="Tab1.ID">{7b5d447b-0b12-41ea-a84e-c822034422d4}-#1107</PropertyValue><PropertyValue name="Tab1.Name">Common Controls</PropertyValue><PropertyValue name="Tab1.View">0</PropertyValue><PropertyValue name="Tab1.UseDefaultName">true</PropertyValue><PropertyValue name="Tab1.RecordType">4</PropertyValue><PropertyValue name="Tab1.Position">3</PropertyValue><PropertyValue name="Tab2.ID">{7b5d447b-0b12-41ea-a84e-c822034422d4}-#1102</PropertyValue><PropertyValue name="Tab2.Name">Containers</PropertyValue><PropertyValue name="Tab2.View">0</PropertyValue><PropertyValue name="Tab2.UseDefaultName">true</PropertyValue><PropertyValue name="Tab2.RecordType">4</PropertyValue><PropertyValue name="Tab2.Position">4</PropertyValue><PropertyValue name="Tab3.ID">{7b5d447b-0b12-41ea-a84e-c822034422d4}-#1103</PropertyValue><PropertyValue name="Tab3.Name">Menus &amp; Toolbars</PropertyValue><PropertyValue name="Tab3.View">0</PropertyValue><PropertyValue name="Tab3.UseDefaultName">true</PropertyValue><PropertyValue name="Tab3.RecordType">4</PropertyValue><PropertyValue name="Tab3.Position">5</PropertyValue><PropertyValue name="Tab4.ID">Data</PropertyValue><PropertyValue name="Tab4.Name">Data</PropertyValue><PropertyValue name="Tab4.View">0</PropertyValue><PropertyValue name="Tab4.UseDefaultName">true</PropertyValue><PropertyValue name="Tab4.RecordType">4</PropertyValue><PropertyValue name="Tab4.Position">6</PropertyValue><PropertyValue name="Tab5.ID">{7b5d447b-0b12-41ea-a84e-c822034422d4}-#1101</PropertyValue><PropertyValue name="Tab5.Name">Components</PropertyValue><PropertyValue name="Tab5.View">0</PropertyValue><PropertyValue name="Tab5.UseDefaultName">true</PropertyValue><PropertyValue name="Tab5.RecordType">4</PropertyValue><PropertyValue name="Tab5.Position">7</PropertyValue><PropertyValue name="Tab6.ID">{7b5d447b-0b12-41ea-a84e-c822034422d4}-#1104</PropertyValue><PropertyValue name="Tab6.Name">Printing</PropertyValue><PropertyValue name="Tab6.View">0</PropertyValue><PropertyValue name="Tab6.UseDefaultName">true</PropertyValue><PropertyValue name="Tab6.RecordType">4</PropertyValue><PropertyValue name="Tab6.Position">8</PropertyValue><PropertyValue name="Tab7.ID">{7b5d447b-0b12-41ea-a84e-c822034422d4}-#1105</PropertyValue><PropertyValue name="Tab7.Name">Dialogs</PropertyValue><PropertyValue name="Tab7.View">0</PropertyValue><PropertyValue name="Tab7.UseDefaultName">true</PropertyValue><PropertyValue name="Tab7.RecordType">4</PropertyValue><PropertyValue name="Tab7.Position">9</PropertyValue><PropertyValue name="TabCount">8</PropertyValue><PropertyValue name="DeletedItemCount">0</PropertyValue><PropertyValue name="ItemCount">0</PropertyValue></Category><Category name="Environment_WindowLayout" Category="{eb4ba109-a9db-4445-bd09-e7604bcdce84}" Package="{DA9FB551-C724-11d0-AE1F-00A0C90FFFC3}" RegisteredName="Environment_WindowLayout" PackageName="Visual Studio Environment Package"><PropertyValue name="Version">7</PropertyValue><PropertyValue name="WindowProfileNames">Design</PropertyValue><Design><WindowProfile xmlns:x="http://schemas.microsoft.com/winfx/2006/xaml" xmlns:wm="clr-namespace:Microsoft.VisualStudio.Platform.WindowManagement;assembly=Microsoft.VisualStudio.Platform.WindowManagement" Name="Design" xmlns="clr-namespace:Microsoft.VisualStudio.PlatformUI.Shell;assembly=Microsoft.VisualStudio.Shell.ViewManager"><MainSite IsVisible="True" FloatingTop="0" FloatingLeft="0"><AutoHideRoot IsVisible="True" DockedHeight="*" DockedWidth="*" FloatingTop="0" FloatingLeft="0"><AutoHideChannel Orientation="Vertical" FloatingTop="0" FloatingLeft="0"><AutoHideGroup FloatingTop="0" FloatingLeft="0"><wm:ToolWindowView ContextVisibilityEnabled="False" Name="ST:0:0:{74946827-37a0-11d2-a273-00c04f8ef4ff}" DockedHeight="768" DockedWidth="204.8" FloatingTop="76.8" FloatingLeft="102.4" FloatingHeight="537.6" FloatingWidth="204.8"/><wm:ToolWindowView ContextVisibilityEnabled="False" ForceCreate="ForceCreate" IconIndex="0" IconResourceID="6650" IconResourcePackage="da9fb551-c724-11d0-ae1f-00a0c90fffc3" Name="ST:0:0:{b1e99781-ab81-11d0-b683-00aa00a3ee26}" DockedHeight="768" DockedWidth="204.8" FloatingTop="76.8" FloatingLeft="102.4" FloatingHeight="537.6" FloatingWidth="204.8"/></AutoHideGroup></AutoHideChannel><AutoHideChannel Dock="Right" Orientation="Vertical" FloatingTop="0" FloatingLeft="0"/><AutoHideChannel Dock="Top" FloatingTop="0" FloatingLeft="0"/><AutoHideChannel Dock="Bottom" FloatingTop="0" FloatingLeft="0"/><DockRoot IsVisible="True" DockedHeight="*" DockedWidth="*" FloatingTop="0" FloatingLeft="0"><DockGroup IsVisible="True" DockedHeight="*" DockedWidth="*"><DockGroup Orientation="Vertical" IsVisible="True" DockedHeight="*" DockedWidth="*" FloatingTop="0" FloatingLeft="0"><DockGroup IsVisible="True" DockedHeight="*" DockedWidth="*" FloatingTop="0" FloatingLeft="0"><TabGroup DockedHeight="768" DockedWidth="204.8" FloatingTop="0" FloatingLeft="0"><wm:ToolWindowView ContextVisibilityEnabled="False" Name="ST:0:0:{873151d0-cf2e-48cc-b4bf-ad0394f6a3c3}" DockedHeight="768" DockedWidth="204.8" FloatingTop="76.8" FloatingLeft="102.4" FloatingHeight="537.6" FloatingWidth="204.8"/><ViewBookmark Name="ST:0:0:{74946827-37a0-11d2-a273-00c04f8ef4ff}" DockedHeight="768" DockedWidth="204.8" FloatingTop="0" FloatingLeft="0"/><wm:ToolWindowView Name="ST:0:0:{099ca9ea-0ae4-4e31-a7e4-fe09bd1715cc}" DockedHeight="768" DockedWidth="204.8" FloatingTop="76.8" FloatingLeft="102.4" FloatingHeight="537.6" FloatingWidth="204.8"/><ViewBookmark Name="ST:0:0:{b1e99781-ab81-11d0-b683-00aa00a3ee26}" DockedHeight="768" DockedWidth="204.8" FloatingTop="0" FloatingLeft="0"/><wm:ToolWindowView Name="ST:0:0:{9f3ec988-1174-4746-a66a-3969715d1fc7}" DockedHeight="768" DockedWidth="204.8" FloatingTop="76.8" FloatingLeft="102.4" FloatingHeight="537.6" FloatingWidth="204.8"/><wm:ToolWindowView Name="ST:0:0:{25f7e850-ffa1-11d0-b63f-00a0c922e851}" DockedHeight="768" DockedWidth="204.8" FloatingTop="76.8" FloatingLeft="102.4" FloatingHeight="537.6" FloatingWidth="204.8"/><wm:ToolWindowView Name="ST:0:0:{5b6781c0-e99d-11d0-9954-00a0c91bc8e5}" DockedHeight="768" DockedWidth="204.8" FloatingTop="76.8" FloatingLeft="102.4" FloatingHeight="537.6" FloatingWidth="204.8"/></TabGroup><DockGroup Orientation="Vertical" IsVisible="True" DockedHeight="592" DockedWidth="263.8"><wm:ToolWindowView ForceCreate="ForceCreate" IconIndex="0" IconResourceID="300" IconResourcePackage="1886ae28-9166-4759-8e1e-08c54dee6e7c" Name="ST:0:0:{5550ce83-c8d3-4ff0-a63b-fca87d639dd5}" IsSelected="True" DockedHeight="278.026119402985" DockedWidth="263.8" FloatingTop="344" FloatingLeft="464" FloatingHeight="450" FloatingWidth="450"/><TabGroup IsVisible="True" DockedHeight="755.973880597015" DockedWidth="263.8"><wm:ToolWindowView ForceCreate="ForceCreate" IconIndex="0" IconResourceID="304" IconResourcePackage="4aacffa8-176d-4eac-b242-431220f2693c" Name="ST:0:0:{e61f06fc-7f09-4d40-ae73-2a5dbf7aa367}" DockedHeight="755.973880597015" DockedWidth="263.8" FloatingTop="100" FloatingLeft="100" FloatingHeight="450" FloatingWidth="450"/><wm:ToolWindowView ForceCreate="ForceCreate" IconIndex="0" IconResourceID="305" IconResourcePackage="687b26ef-c096-4f2d-9f8c-aaafada321ac" Name="ST:0:0:{d114938f-591c-46cf-a785-500a82d97410}" IsSelected="True" IsVisible="True" DockedHeight="755.973880597015" DockedWidth="263.8" FloatingTop="377" FloatingLeft="463" FloatingHeight="600"/></TabGroup></DockGroup><DocumentGroupContainer IsVisible="True" DockedHeight="*" DockedWidth="*" FloatingTop="0" FloatingLeft="0"><DocumentGroup FloatingTop="0" FloatingLeft="0"><wm:ToolWindowView Name="ST:0:0:{29ce07d3-1898-47d3-88fa-15453b726b27}" FloatingTop="76.8" FloatingLeft="102.4" FloatingHeight="537.6" FloatingWidth="716.8"/><wm:ToolWindowView Name="ST:0:0:{c79b74ff-f1d7-4c94-aefa-4d22bfe1b1f9}" FloatingTop="76.8" FloatingLeft="102.4" FloatingHeight="537.6" FloatingWidth="716.8"/><wm:ToolWindowView ContextVisibilityEnabled="False" ForceCreate="DontForceCreate" Name="ST:0:0:{e8b06f52-6d01-11d2-aa7d-00c04f990343}" FloatingTop="76.8" FloatingLeft="102.4" FloatingHeight="537.6" FloatingWidth="716.8"/><wm:ToolWindowView ContextVisibilityEnabled="False" Name="ST:0:0:{46c87f81-5a06-43a8-9e25-85d33bac49f8}" FloatingTop="76.8" FloatingLeft="102.4" FloatingHeight="537.6" FloatingWidth="716.8"/><wm:ToolWindowView ContextVisibilityEnabled="False" Name="ST:0:0:{269a02dc-6af8-11d3-bdc4-00c04f688e50}" FloatingTop="76.8" FloatingLeft="102.4" FloatingHeight="384" FloatingWidth="512"/><wm:ToolWindowView Name="ST:0:0:{99b8fa2f-ab90-4f57-9c32-949f146f1914}" FloatingTop="76.8" FloatingLeft="102.4" FloatingHeight="537.6" FloatingWidth="716.8"/><wm:ToolWindowView ForceCreate="DontForceCreate" IconIndex="3" IconResourceID="304" IconResourcePackage="4aacffa8-176d-4eac-b242-431220f2693c" Name="ST:0:0:{8e59ed60-44ac-4c12-bc43-483beb2aee52}" FloatingTop="100" FloatingLeft="100" FloatingHeight="450" FloatingWidth="450"/><wm:ToolWindowView ForceCreate="DontForceCreate" IconIndex="0" IconResourceID="304" IconResourcePackage="4aacffa8-176d-4eac-b242-431220f2693c" Name="ST:0:0:{93de7655-de77-4af8-8147-e30bca2c3fb2}" FloatingTop="100" FloatingLeft="100" FloatingHeight="450" FloatingWidth="450"/><wm:ToolWindowView ForceCreate="ForceCreate" IconIndex="1" IconResourceID="305" IconResourcePackage="687b26ef-c096-4f2d-9f8c-aaafada321ac" Name="ST:0:0:{c5d6e9c3-367c-4403-a5f7-f6954f49d59b}" FloatingTop="0" FloatingLeft="0" FloatingHeight="400" FloatingWidth="600"/></DocumentGroup></DocumentGroupContainer><TabGroup DockedHeight="537.6" DockedWidth="257.8" FloatingTop="0" FloatingLeft="0"><wm:ToolWindowView Name="ST:0:0:{131369f2-062d-44a2-8671-91ff31efb4f4}" DockedHeight="537.6" DockedWidth="257.8" FloatingTop="76.8" FloatingLeft="819.2" FloatingHeight="537.6" FloatingWidth="204.8"/><wm:ToolWindowView Name="ST:0:0:{c9c0ae26-aa77-11d2-b3f0-0000f87570ee}" DockedHeight="537.6" DockedWidth="257.8" FloatingTop="76.8" FloatingLeft="819.2" FloatingHeight="537.6" FloatingWidth="204.8"/><wm:ToolWindowView ContextVisibilityEnabled="False" Name="ST:0:0:{de1fc918-f32e-4dd7-a915-1792a051f26b}" DockedHeight="537.6" DockedWidth="257.8" FloatingTop="76.8" FloatingLeft="819.2" FloatingHeight="537.6" FloatingWidth="204.8"/><wm:ToolWindowView ContextVisibilityEnabled="False" Name="ST:0:0:{07cd18b4-3ba1-11d2-890a-0060083196c6}" DockedHeight="537.6" DockedWidth="257.8" FloatingTop="76.8" FloatingLeft="819.2" FloatingHeight="537.6" FloatingWidth="204.8"/><wm:ToolWindowView ContextVisibilityEnabled="False" ForceCreate="ForceCreate" Name="ST:0:0:{2d7728c2-de0a-45b5-99aa-89b609dfde73}" DockedHeight="537.6" DockedWidth="257.8" FloatingTop="76.8" FloatingLeft="819.2" FloatingHeight="537.6" FloatingWidth="204.8"/><wm:ToolWindowView Name="ST:0:0:{3addf8e2-81cc-41a0-9785-dbd2d86064bd}" DockedHeight="537.6" DockedWidth="257.8" FloatingTop="76.8" FloatingLeft="819.2" FloatingHeight="537.6" FloatingWidth="204.8"/><wm:ToolWindowView ContextVisibilityEnabled="False" Name="ST:0:0:{4a791147-19e4-11d3-b86b-00c04f79f802}" DockedHeight="537.6" DockedWidth="257.8" FloatingTop="76.8" FloatingLeft="819.2" FloatingHeight="537.6" FloatingWidth="204.8"/><wm:ToolWindowView ContextVisibilityEnabled="False" Name="ST:0:0:{73f6dd58-437e-11d3-b88e-00c04f79f802}" DockedHeight="537.6" DockedWidth="257.8" FloatingTop="76.8" FloatingLeft="819.2" FloatingHeight="537.6" FloatingWidth="204.8"/><wm:ToolWindowView ContextVisibilityEnabled="False" Name="ST:0:0:{57dc5d59-11c2-4955-a7b4-d7699d677e93}" DockedHeight="537.6" DockedWidth="257.8" FloatingTop="76.8" FloatingLeft="819.2" FloatingHeight="537.6" FloatingWidth="204.8"/></TabGroup></DockGroup><DockGroup DockedHeight="192" DockedWidth="1024" FloatingTop="0" FloatingLeft="0"><TabGroup DockedHeight="192" DockedWidth="1024" FloatingTop="0" FloatingLeft="0"><wm:ToolWindowView ContextVisibilityEnabled="False" ForceCreate="ForceCreate" Name="ST:0:0:{d78612c7-9962-4b83-95d9-268046dad23a}" DockedHeight="192" DockedWidth="1024" FloatingTop="576" FloatingLeft="102.4" FloatingHeight="192" FloatingWidth="614.4"/><wm:ToolWindowView ContextVisibilityEnabled="False" ForceCreate="ForceCreate" IconIndex="6" IconResourceID="6650" IconResourcePackage="4a9b7e50-aa16-11d0-a8c5-00a0c921a4d2" Name="ST:0:0:{4a9b7e51-aa16-11d0-a8c5-00a0c921a4d2}" DockedHeight="192" DockedWidth="1024" FloatingTop="576" FloatingLeft="102.4" FloatingHeight="192" FloatingWidth="614.4"/><wm:ToolWindowView ContextVisibilityEnabled="False" ForceCreate="ForceCreate" Name="ST:0:0:{be4d7042-ba3f-11d2-840e-00c04f9902c1}" DockedHeight="192" DockedWidth="1024" FloatingTop="576" FloatingLeft="102.4" FloatingHeight="192" FloatingWidth="614.4"/><wm:ToolWindowView ContextVisibilityEnabled="False" ForceCreate="ForceCreate" Name="ST:0:0:{28836128-fc2c-11d2-a433-00c04f72d18a}" DockedHeight="192" DockedWidth="1024" FloatingTop="576" FloatingLeft="102.4" FloatingHeight="192" FloatingWidth="614.4"/><wm:ToolWindowView ContextVisibilityEnabled="False" ForceCreate="ForceCreate" Name="ST:0:0:{ecb7191a-597b-41f5-9843-03a4cf275dde}" DockedHeight="192" DockedWidth="1024" FloatingTop="576" FloatingLeft="102.4" FloatingHeight="192" FloatingWidth="614.4"/><wm:ToolWindowView ContextVisibilityEnabled="False" ForceCreate="ForceCreate" Name="ST:0:0:{588470cc-84f8-4a57-9ac4-86bca0625ff4}" DockedHeight="192" DockedWidth="1024" FloatingTop="576" FloatingLeft="102.4" FloatingHeight="192" FloatingWidth="614.4"/><wm:ToolWindowView ContextVisibilityEnabled="False" ForceCreate="ForceCreate" Name="ST:0:0:{5415ea3a-d813-4948-b51e-562082ce0887}" DockedHeight="192" DockedWidth="1024" FloatingTop="576" FloatingLeft="102.4" FloatingHeight="192" FloatingWidth="614.4"/><wm:ToolWindowView ContextVisibilityEnabled="False" ForceCreate="ForceCreate" IconIndex="3" IconResourceID="6650" IconResourcePackage="da9fb551-c724-11d0-ae1f-00a0c90fffc3" Name="ST:0:0:{34e76e81-ee4a-11d0-ae2e-00a0c90fffc3}" IsSelected="True" DockedHeight="192" DockedWidth="1024" FloatingTop="576" FloatingLeft="102.4" FloatingHeight="192" FloatingWidth="614.4"/><wm:ToolWindowView ContextVisibilityEnabled="False" ForceCreate="ForceCreate" IconIndex="3" IconResourceID="6651" IconResourcePackage="da9fb551-c724-11d0-ae1f-00a0c90fffc3" Name="ST:0:0:{a0c5197d-0ac7-4b63-97cd-8872a789d233}" DockedHeight="192" DockedWidth="1024" FloatingTop="576" FloatingLeft="102.4" FloatingHeight="192" FloatingWidth="614.4"/><wm:ToolWindowView ContextVisibilityEnabled="False" Name="ST:0:0:{2456bd12-ecf7-4988-a4a6-67d49173f564}" DockedHeight="192" DockedWidth="1024" FloatingTop="576" FloatingLeft="102.4" FloatingHeight="192" FloatingWidth="614.4"/><wm:ToolWindowView ContextVisibilityEnabled="False" Name="ST:0:0:{2456bd12-ecf7-4988-a4a6-67d49173f565}" DockedHeight="192" DockedWidth="1024" FloatingTop="576" FloatingLeft="102.4" FloatingHeight="192" FloatingWidth="614.4"/><wm:ToolWindowView Name="ST:0:0:{905da7d1-18fd-4a46-8d0f-a5ff58ada9de}" DockedHeight="192" DockedWidth="1024" FloatingTop="576" FloatingLeft="102.4" FloatingHeight="192" FloatingWidth="614.4"/><wm:ToolWindowView Name="ST:0:0:{519e8a32-1c95-4a42-956f-2cee2f28eb0f}" DockedHeight="192" DockedWidth="1024" FloatingTop="576" FloatingLeft="102.4" FloatingHeight="192" FloatingWidth="614.4"/><wm:ToolWindowView Name="ST:0:0:{92547016-2bd0-4dfe-bd4f-5b52bdce0037}" DockedHeight="192" DockedWidth="1024" FloatingTop="576" FloatingLeft="102.4" FloatingHeight="192" FloatingWidth="614.4"/><wm:ToolWindowView Name="ST:0:0:{b869198c-f673-46d2-83ae-64f515277716}" DockedHeight="192" DockedWidth="1024" FloatingTop="576" FloatingLeft="102.4" FloatingHeight="192" FloatingWidth="614.4"/><wm:ToolWindowView Name="ST:0:0:{b8399b49-7330-487b-9235-7d2e969d0a79}" DockedHeight="192" DockedWidth="1024" FloatingTop="576" FloatingLeft="102.4" FloatingHeight="192" FloatingWidth="614.4"/><wm:ToolWindowView Name="ST:0:0:{778b5376-ad77-4751-acdc-f3d18343f8dd}" DockedHeight="192" DockedWidth="1024" FloatingTop="576" FloatingLeft="102.4" FloatingHeight="192" FloatingWidth="614.4"/><wm:ToolWindowView ContextVisibilityEnabled="False" ForceCreate="ForceCreate" Name="ST:0:0:{0f887920-c2b6-11d2-9375-0080c747d9a0}" DockedHeight="192" DockedWidth="1024" FloatingTop="576" FloatingLeft="102.4" FloatingHeight="192" FloatingWidth="307.2"/><wm:ToolWindowView ContextVisibilityEnabled="False" ForceCreate="ForceCreate" Name="ST:0:0:{0f887921-c2b6-11d2-9375-0080c747d9a0}" DockedHeight="192" DockedWidth="1024" FloatingTop="576" FloatingLeft="102.4" FloatingHeight="192" FloatingWidth="614.4"/><wm:ToolWindowView ContextVisibilityEnabled="False" ForceCreate="ForceCreate" Name="ST:0:0:{68487888-204a-11d3-87eb-00c04f7971a5}" DockedHeight="192" DockedWidth="1024" FloatingTop="576" FloatingLeft="102.4" FloatingHeight="192" FloatingWidth="614.4"/><wm:ToolWindowView ContextVisibilityEnabled="False" Name="ST:0:0:{fdffccf2-5f63-404f-86ad-33693f544948}" DockedHeight="192" DockedWidth="1024" FloatingTop="576" FloatingLeft="102.4" FloatingHeight="192" FloatingWidth="614.4"/><wm:ToolWindowView ContextVisibilityEnabled="False" Name="ST:0:0:{73f6dd5b-437e-11d3-b88e-00c04f79f802}" DockedHeight="192" DockedWidth="1024" FloatingTop="576" FloatingLeft="102.4" FloatingHeight="192" FloatingWidth="614.4"/></TabGroup><TabGroup DockedHeight="192" DockedWidth="100" FloatingTop="0" FloatingLeft="0"><ViewBookmark Name="ST:0:0:{53024d34-0ef5-11d3-87e0-00c04f7971a5}" DockedHeight="192" DockedWidth="100" FloatingTop="0" FloatingLeft="0"/><ViewBookmark Name="ST:0:0:{e830ec50-c2b5-11d2-9375-0080c747d9a0}" DockedHeight="192" DockedWidth="100" FloatingTop="0" FloatingLeft="0"/><ViewBookmark Name="ST:0:0:{cf2ddc32-8cad-11d2-9302-005345000000}" DockedHeight="192" DockedWidth="100" FloatingTop="0" FloatingLeft="0"/></TabGroup></DockGroup></DockGroup><DockGroup Orientation="Vertical" DockedHeight="685" DockedWidth="250"><TabGroup DockedHeight="685" DockedWidth="250" FloatingTop="450" FloatingLeft="1167" FloatingHeight="693" FloatingWidth="258"><wm:ToolWindowView ForceCreate="ForceCreate" IconIndex="2" IconResourceID="6650" IconResourcePackage="da9fb551-c724-11d0-ae1f-00a0c90fffc3" Name="ST:0:0:{3ae79031-e1bc-11d0-8f78-00a0c9110057}" IsSelected="True" DockedHeight="685" DockedWidth="250" FloatingTop="282" FloatingLeft="994" FloatingHeight="538" FloatingWidth="205"/><wm:ToolWindowView ForceCreate="ForceCreate" IconIndex="0" IconResourceID="306" IconResourcePackage="70aa6d64-1357-4652-a41d-2bd680b26946" Name="ST:0:0:{e01a3358-4577-42a1-a4a2-4667f21e1c72}" DockedHeight="685" DockedWidth="250" FloatingTop="450" FloatingLeft="1167" FloatingHeight="693" FloatingWidth="258"/><wm:ToolWindowView ContextVisibilityEnabled="False" ForceCreate="ForceCreate" Name="ST:0:0:{66dba47c-61df-11d2-aa79-00c04f990343}" DockedHeight="685" DockedWidth="250" FloatingTop="76.8" FloatingLeft="819.2" FloatingHeight="693" FloatingWidth="258"/></TabGroup><wm:ToolWindowView ContextVisibilityEnabled="False" ForceCreate="ForceCreate" IconIndex="1" IconResourceID="6650" IconResourcePackage="da9fb551-c724-11d0-ae1f-00a0c90fffc3" Name="ST:0:0:{eefa5220-e298-11d0-8f78-00a0c9110057}" IsSelected="True" DockedHeight="677.092352092352" DockedWidth="250" FloatingTop="496" FloatingLeft="1043" FloatingHeight="693" FloatingWidth="258"/></DockGroup></DockGroup></DockRoot></AutoHideRoot></MainSite><FloatSite FloatingTop="153.6" FloatingLeft="204.8" FloatingHeight="76.8" FloatingWidth="337.92"><wm:ToolWindowView ContextVisibilityEnabled="False" ForceCreate="ForceCreate" Name="ST:0:0:{53024d34-0ef5-11d3-87e0-00c04f7971a5}" DockedHeight="100" DockedWidth="100" FloatingTop="153.6" FloatingLeft="204.8" FloatingHeight="76.8" FloatingWidth="337.92"/></FloatSite><FloatSite FloatingTop="153.6" FloatingLeft="204.8" FloatingHeight="76.8" FloatingWidth="337.92"><wm:ToolWindowView ContextVisibilityEnabled="False" ForceCreate="ForceCreate" Name="ST:0:0:{e830ec50-c2b5-11d2-9375-0080c747d9a0}" DockedHeight="100" DockedWidth="100" FloatingTop="153.6" FloatingLeft="204.8" FloatingHeight="76.8" FloatingWidth="337.92"/></FloatSite><FloatSite FloatingTop="153.6" FloatingLeft="204.8" FloatingHeight="153.6" FloatingWidth="337.92"><wm:ToolWindowView ForceCreate="ForceCreate" Name="ST:0:0:{cf2ddc32-8cad-11d2-9302-005345000000}" DockedHeight="100" DockedWidth="100" FloatingTop="153.6" FloatingLeft="204.8" FloatingHeight="153.6" FloatingWidth="337.92"/></FloatSite><FloatSite FloatingTop="450" FloatingLeft="1167" FloatingHeight="693" FloatingWidth="258"><TabGroup FloatingHeight="693" FloatingWidth="258"><ViewBookmark Name="ST:0:0:{e01a3358-4577-42a1-a4a2-4667f21e1c72}" ViewBookmarkType="Raft" FloatingHeight="693" FloatingWidth="258"/><ViewBookmark Name="ST:0:0:{66dba47c-61df-11d2-aa79-00c04f990343}" ViewBookmarkType="Raft" FloatingHeight="693" FloatingWidth="258"/></TabGroup></FloatSite></WindowProfile></Design></Category><Category name="Environment_KeyBindings" Category="{F09035F1-80D2-4312-8EC4-4D354A4BCB4C}" Package="{DA9FB551-C724-11d0-AE1F-00A0C90FFFC3}" RegisteredName="Environment_KeyBindings" PackageName="Visual Studio Environment Package"><Version>10.0.0.0</Version><KeyboardShortcuts><ScopeDefinitions><Scope Name="Text Editor" ID="{8B382828-6202-11D1-8870-0000F87579D2}"/><Scope Name="Table Designer" ID="{A8FC853B-D6C6-4482-A279-9E74EA812B00}"/><Scope Name="WebBrowser" ID="{E8B06F41-6D01-11D2-AA7D-00C04F990343}"/><Scope Name="Query Designer" ID="{33941854-F604-48D5-97EF-7E538692D2FB}"/><Scope Name="View Designer" ID="{E6AC6F69-B102-48DE-BE5F-002B18596BBF}"/><Scope Name="Global" ID="{5EFC7975-14BC-11CF-9B2B-00AA00573819}"/><Scope Name="XMLA Script Editor" ID="{B7DF28AE-C9A1-4263-A498-9897B98336A1}"/><Scope Name="Windows Forms Designer" ID="{BA09E2AF-9DF2-4068-B2F0-4C7E5CC19E2F}"/><Scope Name="Database Designer" ID="{53F43BBD-B2F3-46BA-A85C-7D4718290D29}"/><Scope Name="DataWarehouse Designer" ID="{CC84AFBD-DA02-46F4-8623-9F07E5569EDB}"/><Scope Name="MDX Script Editor" ID="{1CEAF4C2-677D-456A-9BED-1AC73B989127}"/><Scope Name="SQL Query Editor" ID="{B5A506EB-11BE-4782-9A18-21265C2CA0B4}"/><Scope Name="DMX Script Editor" ID="{A8AE89ED-34A0-489E-8A98-AEE7CEDEA6B7}"/></ScopeDefinitions><DefaultShortcuts/><ShortcutsScheme/><UserShortcuts/></KeyboardShortcuts></Category></Category><Category name="SQL_Editor" Category="{7d092b67-f9b8-4de4-a60e-298bada6f735}" Package="{cd5a6b66-0d89-4949-b356-361cf0d74372}" RegisteredName="SQL_Editor" PackageName="RadLangSvc.Package, RadLangSvc, Version=12.0.0.0, Culture=neutral, PublicKeyToken=89845dcd8080cc91"><PropertyValue name="AutoOutlining">True</PropertyValue><PropertyValue name="EnableIntellisense">True</PropertyValue><PropertyValue name="MaxScriptSize">1048576</PropertyValue><PropertyValue name="TextCasing">0</PropertyValue><PropertyValue name="UnderlineErrors">True</PropertyValue></Category><Category name="XmlEditor" Category="{4E1CDE49-B840-4826-8CC6-8FB80D7EF455}" Package="{87569308-4813-40a0-9cd0-d7a30838ca3f}" RegisteredName="XmlEditor" PackageName="Visual Studio XML Editor Package"><PropertyValue name="AttributeFormatting">None</PropertyValue><PropertyValue name="AutoDownload">True</PropertyValue><PropertyValue name="AutoInsertAttributeQuotes">True</PropertyValue><PropertyValue name="AutoInsertEndTags">True</PropertyValue><PropertyValue name="AutoInsertNamespaceDeclarations">True</PropertyValue><PropertyValue name="AutoInsertOther">True</PropertyValue><PropertyValue name="AutoOutlining">True</PropertyValue><PropertyValue name="AutoReformatOnEndTag">True</PropertyValue><PropertyValue name="AutoReformatOnPaste">True</PropertyValue><PropertyValue name="FormatMixedContentByDefault">True</PropertyValue><PropertyValue name="SchemaCacheLocation">%VsInstallDir%\xml\Schemas</PropertyValue></Category></UserSettings>